--
-- PostgreSQL database dump
--

-- Dumped from database version 14.2
-- Dumped by pg_dump version 14.2

SET statement_timeout = 0;
SET lock_timeout = 0;
SET idle_in_transaction_session_timeout = 0;
SET client_encoding = 'UTF8';
SET standard_conforming_strings = on;
SELECT pg_catalog.set_config('search_path', '', false);
SET check_function_bodies = false;
SET xmloption = content;
SET client_min_messages = warning;
SET row_security = off;

SET default_tablespace = '';

SET default_table_access_method = heap;

--
-- Name: auth_group; Type: TABLE; Schema: public; Owner: postgres
--

CREATE TABLE public.auth_group (
    id integer NOT NULL,
    name character varying(150) NOT NULL
);


ALTER TABLE public.auth_group OWNER TO postgres;

--
-- Name: auth_group_id_seq; Type: SEQUENCE; Schema: public; Owner: postgres
--

ALTER TABLE public.auth_group ALTER COLUMN id ADD GENERATED BY DEFAULT AS IDENTITY (
    SEQUENCE NAME public.auth_group_id_seq
    START WITH 1
    INCREMENT BY 1
    NO MINVALUE
    NO MAXVALUE
    CACHE 1
);


--
-- Name: auth_group_permissions; Type: TABLE; Schema: public; Owner: postgres
--

CREATE TABLE public.auth_group_permissions (
    id bigint NOT NULL,
    group_id integer NOT NULL,
    permission_id integer NOT NULL
);


ALTER TABLE public.auth_group_permissions OWNER TO postgres;

--
-- Name: auth_group_permissions_id_seq; Type: SEQUENCE; Schema: public; Owner: postgres
--

ALTER TABLE public.auth_group_permissions ALTER COLUMN id ADD GENERATED BY DEFAULT AS IDENTITY (
    SEQUENCE NAME public.auth_group_permissions_id_seq
    START WITH 1
    INCREMENT BY 1
    NO MINVALUE
    NO MAXVALUE
    CACHE 1
);


--
-- Name: auth_permission; Type: TABLE; Schema: public; Owner: postgres
--

CREATE TABLE public.auth_permission (
    id integer NOT NULL,
    name character varying(255) NOT NULL,
    content_type_id integer NOT NULL,
    codename character varying(100) NOT NULL
);


ALTER TABLE public.auth_permission OWNER TO postgres;

--
-- Name: auth_permission_id_seq; Type: SEQUENCE; Schema: public; Owner: postgres
--

ALTER TABLE public.auth_permission ALTER COLUMN id ADD GENERATED BY DEFAULT AS IDENTITY (
    SEQUENCE NAME public.auth_permission_id_seq
    START WITH 1
    INCREMENT BY 1
    NO MINVALUE
    NO MAXVALUE
    CACHE 1
);


--
-- Name: auth_user; Type: TABLE; Schema: public; Owner: postgres
--

CREATE TABLE public.auth_user (
    id integer NOT NULL,
    password character varying(128) NOT NULL,
    last_login timestamp with time zone,
    is_superuser boolean NOT NULL,
    username character varying(150) NOT NULL,
    first_name character varying(150) NOT NULL,
    last_name character varying(150) NOT NULL,
    email character varying(254) NOT NULL,
    is_staff boolean NOT NULL,
    is_active boolean NOT NULL,
    date_joined timestamp with time zone NOT NULL
);


ALTER TABLE public.auth_user OWNER TO postgres;

--
-- Name: auth_user_groups; Type: TABLE; Schema: public; Owner: postgres
--

CREATE TABLE public.auth_user_groups (
    id bigint NOT NULL,
    user_id integer NOT NULL,
    group_id integer NOT NULL
);


ALTER TABLE public.auth_user_groups OWNER TO postgres;

--
-- Name: auth_user_groups_id_seq; Type: SEQUENCE; Schema: public; Owner: postgres
--

ALTER TABLE public.auth_user_groups ALTER COLUMN id ADD GENERATED BY DEFAULT AS IDENTITY (
    SEQUENCE NAME public.auth_user_groups_id_seq
    START WITH 1
    INCREMENT BY 1
    NO MINVALUE
    NO MAXVALUE
    CACHE 1
);


--
-- Name: auth_user_id_seq; Type: SEQUENCE; Schema: public; Owner: postgres
--

ALTER TABLE public.auth_user ALTER COLUMN id ADD GENERATED BY DEFAULT AS IDENTITY (
    SEQUENCE NAME public.auth_user_id_seq
    START WITH 1
    INCREMENT BY 1
    NO MINVALUE
    NO MAXVALUE
    CACHE 1
);


--
-- Name: auth_user_user_permissions; Type: TABLE; Schema: public; Owner: postgres
--

CREATE TABLE public.auth_user_user_permissions (
    id bigint NOT NULL,
    user_id integer NOT NULL,
    permission_id integer NOT NULL
);


ALTER TABLE public.auth_user_user_permissions OWNER TO postgres;

--
-- Name: auth_user_user_permissions_id_seq; Type: SEQUENCE; Schema: public; Owner: postgres
--

ALTER TABLE public.auth_user_user_permissions ALTER COLUMN id ADD GENERATED BY DEFAULT AS IDENTITY (
    SEQUENCE NAME public.auth_user_user_permissions_id_seq
    START WITH 1
    INCREMENT BY 1
    NO MINVALUE
    NO MAXVALUE
    CACHE 1
);


--
-- Name: django_admin_log; Type: TABLE; Schema: public; Owner: postgres
--

CREATE TABLE public.django_admin_log (
    id integer NOT NULL,
    action_time timestamp with time zone NOT NULL,
    object_id text,
    object_repr character varying(200) NOT NULL,
    action_flag smallint NOT NULL,
    change_message text NOT NULL,
    content_type_id integer,
    user_id integer NOT NULL,
    CONSTRAINT django_admin_log_action_flag_check CHECK ((action_flag >= 0))
);


ALTER TABLE public.django_admin_log OWNER TO postgres;

--
-- Name: django_admin_log_id_seq; Type: SEQUENCE; Schema: public; Owner: postgres
--

ALTER TABLE public.django_admin_log ALTER COLUMN id ADD GENERATED BY DEFAULT AS IDENTITY (
    SEQUENCE NAME public.django_admin_log_id_seq
    START WITH 1
    INCREMENT BY 1
    NO MINVALUE
    NO MAXVALUE
    CACHE 1
);


--
-- Name: django_content_type; Type: TABLE; Schema: public; Owner: postgres
--

CREATE TABLE public.django_content_type (
    id integer NOT NULL,
    app_label character varying(100) NOT NULL,
    model character varying(100) NOT NULL
);


ALTER TABLE public.django_content_type OWNER TO postgres;

--
-- Name: django_content_type_id_seq; Type: SEQUENCE; Schema: public; Owner: postgres
--

ALTER TABLE public.django_content_type ALTER COLUMN id ADD GENERATED BY DEFAULT AS IDENTITY (
    SEQUENCE NAME public.django_content_type_id_seq
    START WITH 1
    INCREMENT BY 1
    NO MINVALUE
    NO MAXVALUE
    CACHE 1
);


--
-- Name: django_migrations; Type: TABLE; Schema: public; Owner: postgres
--

CREATE TABLE public.django_migrations (
    id bigint NOT NULL,
    app character varying(255) NOT NULL,
    name character varying(255) NOT NULL,
    applied timestamp with time zone NOT NULL
);


ALTER TABLE public.django_migrations OWNER TO postgres;

--
-- Name: django_migrations_id_seq; Type: SEQUENCE; Schema: public; Owner: postgres
--

ALTER TABLE public.django_migrations ALTER COLUMN id ADD GENERATED BY DEFAULT AS IDENTITY (
    SEQUENCE NAME public.django_migrations_id_seq
    START WITH 1
    INCREMENT BY 1
    NO MINVALUE
    NO MAXVALUE
    CACHE 1
);


--
-- Name: django_session; Type: TABLE; Schema: public; Owner: postgres
--

CREATE TABLE public.django_session (
    session_key character varying(40) NOT NULL,
    session_data text NOT NULL,
    expire_date timestamp with time zone NOT NULL
);


ALTER TABLE public.django_session OWNER TO postgres;

--
-- Name: tb_taco; Type: TABLE; Schema: public; Owner: postgres
--

CREATE TABLE public.tb_taco (
    id integer NOT NULL,
    alimento character varying(255),
    cal numeric,
    p numeric,
    c numeric,
    g numeric,
    f numeric
);


ALTER TABLE public.tb_taco OWNER TO postgres;

--
-- Name: tb_taco_id_seq; Type: SEQUENCE; Schema: public; Owner: postgres
--

CREATE SEQUENCE public.tb_taco_id_seq
    AS integer
    START WITH 1
    INCREMENT BY 1
    NO MINVALUE
    NO MAXVALUE
    CACHE 1;


ALTER TABLE public.tb_taco_id_seq OWNER TO postgres;

--
-- Name: tb_taco_id_seq; Type: SEQUENCE OWNED BY; Schema: public; Owner: postgres
--

ALTER SEQUENCE public.tb_taco_id_seq OWNED BY public.tb_taco.id;


--
-- Name: tb_taco id; Type: DEFAULT; Schema: public; Owner: postgres
--

ALTER TABLE ONLY public.tb_taco ALTER COLUMN id SET DEFAULT nextval('public.tb_taco_id_seq'::regclass);


--
-- Data for Name: auth_group; Type: TABLE DATA; Schema: public; Owner: postgres
--

COPY public.auth_group (id, name) FROM stdin;
\.


--
-- Data for Name: auth_group_permissions; Type: TABLE DATA; Schema: public; Owner: postgres
--

COPY public.auth_group_permissions (id, group_id, permission_id) FROM stdin;
\.


--
-- Data for Name: auth_permission; Type: TABLE DATA; Schema: public; Owner: postgres
--

COPY public.auth_permission (id, name, content_type_id, codename) FROM stdin;
1	Can add log entry	1	add_logentry
2	Can change log entry	1	change_logentry
3	Can delete log entry	1	delete_logentry
4	Can view log entry	1	view_logentry
5	Can add permission	2	add_permission
6	Can change permission	2	change_permission
7	Can delete permission	2	delete_permission
8	Can view permission	2	view_permission
9	Can add group	3	add_group
10	Can change group	3	change_group
11	Can delete group	3	delete_group
12	Can view group	3	view_group
13	Can add user	4	add_user
14	Can change user	4	change_user
15	Can delete user	4	delete_user
16	Can view user	4	view_user
17	Can add content type	5	add_contenttype
18	Can change content type	5	change_contenttype
19	Can delete content type	5	delete_contenttype
20	Can view content type	5	view_contenttype
21	Can add session	6	add_session
22	Can change session	6	change_session
23	Can delete session	6	delete_session
24	Can view session	6	view_session
25	Can add calories	7	add_calories
26	Can change calories	7	change_calories
27	Can delete calories	7	delete_calories
28	Can view calories	7	view_calories
\.


--
-- Data for Name: auth_user; Type: TABLE DATA; Schema: public; Owner: postgres
--

COPY public.auth_user (id, password, last_login, is_superuser, username, first_name, last_name, email, is_staff, is_active, date_joined) FROM stdin;
\.


--
-- Data for Name: auth_user_groups; Type: TABLE DATA; Schema: public; Owner: postgres
--

COPY public.auth_user_groups (id, user_id, group_id) FROM stdin;
\.


--
-- Data for Name: auth_user_user_permissions; Type: TABLE DATA; Schema: public; Owner: postgres
--

COPY public.auth_user_user_permissions (id, user_id, permission_id) FROM stdin;
\.


--
-- Data for Name: django_admin_log; Type: TABLE DATA; Schema: public; Owner: postgres
--

COPY public.django_admin_log (id, action_time, object_id, object_repr, action_flag, change_message, content_type_id, user_id) FROM stdin;
\.


--
-- Data for Name: django_content_type; Type: TABLE DATA; Schema: public; Owner: postgres
--

COPY public.django_content_type (id, app_label, model) FROM stdin;
1	admin	logentry
2	auth	permission
3	auth	group
4	auth	user
5	contenttypes	contenttype
6	sessions	session
7	api	calories
\.


--
-- Data for Name: django_migrations; Type: TABLE DATA; Schema: public; Owner: postgres
--

COPY public.django_migrations (id, app, name, applied) FROM stdin;
1	contenttypes	0001_initial	2023-04-07 11:28:55.293925-03
2	auth	0001_initial	2023-04-07 11:28:55.411317-03
3	admin	0001_initial	2023-04-07 11:28:55.439099-03
4	admin	0002_logentry_remove_auto_add	2023-04-07 11:28:55.447128-03
5	admin	0003_logentry_add_action_flag_choices	2023-04-07 11:28:55.454579-03
6	contenttypes	0002_remove_content_type_name	2023-04-07 11:28:55.482227-03
7	auth	0002_alter_permission_name_max_length	2023-04-07 11:28:55.491256-03
8	auth	0003_alter_user_email_max_length	2023-04-07 11:28:55.499175-03
9	auth	0004_alter_user_username_opts	2023-04-07 11:28:55.506579-03
10	auth	0005_alter_user_last_login_null	2023-04-07 11:28:55.515459-03
11	auth	0006_require_contenttypes_0002	2023-04-07 11:28:55.518232-03
12	auth	0007_alter_validators_add_error_messages	2023-04-07 11:28:55.525493-03
13	auth	0008_alter_user_username_max_length	2023-04-07 11:28:55.541013-03
14	auth	0009_alter_user_last_name_max_length	2023-04-07 11:28:55.550526-03
15	auth	0010_alter_group_name_max_length	2023-04-07 11:28:55.56031-03
16	auth	0011_update_proxy_permissions	2023-04-07 11:28:55.568502-03
17	auth	0012_alter_user_first_name_max_length	2023-04-07 11:28:55.576595-03
18	sessions	0001_initial	2023-04-07 11:28:55.59373-03
19	api	0001_initial	2023-04-07 11:55:34.277772-03
\.


--
-- Data for Name: django_session; Type: TABLE DATA; Schema: public; Owner: postgres
--

COPY public.django_session (session_key, session_data, expire_date) FROM stdin;
\.


--
-- Data for Name: tb_taco; Type: TABLE DATA; Schema: public; Owner: postgres
--

COPY public.tb_taco (id, alimento, cal, p, c, g, f) FROM stdin;
1	Arroz integral cozido	124	2.6	25.8	1.0	2.7
2	Arroz integral cru	360	7.3	77.5	1.9	4.8
3	Arroz tipo 1 cozido	128	2.5	28.1	0.2	1.6
4	Arroz tipo 1 cru	358	7.2	78.8	0.3	1.6
5	Arroz tipo 2 cozido	130	2.6	28.2	0.4	1.1
6	Arroz tipo 2 cru	358	7.2	78.9	0.3	1.7
7	 Aveia flocos crua	394	13.9	66.6	8.5	9.1
8	 Biscoito doce maisena	443	8.1	75.2	12.0	2.1
9	 Biscoito doce recheado com chocolate	472	6.4	70.5	19.6	3.0
10	 Biscoito doce recheado com morango	471	5.7	71.0	19.6	1.5
11	 Biscoito doce wafer recheado de chocolate	502	5.6	67.5	24.7	1.8
12	 Biscoito doce wafer recheado de morango	513	4.5	67.4	26.4	0.8
13	 Biscoito salgado cream cracker	432	10.1	68.7	14.4	2.5
14	 Bolo mistura para	419	6.2	84.7	6.1	1.7
15	 Bolo pronto aipim	324	4.4	47.9	12.7	0.7
16	 Bolo pronto chocolate	410	6.2	54.7	18.5	1.4
17	 Bolo pronto coco	333	5.7	52.3	11.3	1.1
18	 Bolo pronto milho	311	4.8	45.1	12.4	0.7
19	 Canjica branca crua	358	7.2	78.1	1.0	5.5
20	 Canjica com leite integral	112	2.4	23.6	1.2	1.2
21	 Cereais milho flocos com sal	370	7.3	80.8	1.6	5.3
22	 Cereais milho flocos sem sal	363	6.9	80.4	1.2	1.8
23	 Cereais mingau milho infantil	394	6.4	87.3	1.1	3.2
24	 Cereais mistura para vitamina trigo cevada e aveia	381	8.9	81.6	2.1	5.0
25	 Cereal matinal milho	365	7.2	83.8	1.0	4.1
26	 Cereal matinal milho açúcar	377	4.7	88.8	0.7	2.1
27	 Creme de arroz pó	386	7.0	83.9	1.2	1.1
28	 Creme de milho pó	333	4.8	86.1	1.6	3.7
29	 Curau milho verde	78	2.4	13.9	1.6	0.5
30	 Curau milho verde mistura para	402	2.2	79.8	13.4	2.5
31	 Farinha de arroz enriquecida	363	1.3	85.5	0.3	0.6
32	 Farinha de centeio integral	336	12.5	73.3	1.8	15.5
33	 Farinha de milho amarela	351	7.2	79.1	1.5	5.5
34	 Farinha de rosca	371	11.4	75.8	1.5	4.8
35	 Farinha de trigo	360	9.8	75.1	1.4	2.3
36	 Farinha láctea de cereais	415	11.9	77.8	5.8	1.9
37	 Lasanha massa fresca cozida	164	5.8	32.5	1.2	1.6
38	 Lasanha massa fresca crua	220	7.0	45.1	1.3	1.6
39	 Macarrão instantâneo	436	8.8	62.4	17.2	5.6
40	 Macarrão trigo cru	371	10.0	77.9	1.3	2.9
41	 Macarrão trigo cru com ovos	371	10.3	76.6	2.0	2.3
42	 Milho amido cru	361	0.6	87.1	0.0	0.7
43	 Milho fubá cru	353	7.2	78.9	1.9	4.7
44	 Milho verde cru	138	6.6	28.6	0.6	3.9
45	 Milho verde enlatado drenado	98	3.2	17.1	2.4	4.6
46	 Mingau tradicional pó	373	0.6	89.3	0.4	0.9
47	 Pamonha barra para cozimento pré-cozida	171	2.6	30.7	4.8	2.4
48	 Pão aveia forma	343	12.4	59.6	5.7	6.0
49	 Pão de soja	309	11.3	56.5	3.6	5.7
50	 Pão glúten forma	253	12.0	44.1	2.7	2.5
51	 Pão milho forma	292	8.3	56.4	3.1	4.3
52	 Pão trigo forma integral	253	9.4	49.9	3.7	6.9
53	 Pão trigo francês	300	8.0	58.6	3.1	2.3
54	 Pão trigo sovado	311	8.4	61.5	2.8	2.4
55	 Pastel de carne cru	289	10.7	42.0	8.8	1.0
56	 Pastel de carne frito	388	10.1	43.8	20.1	1.0
57	 Pastel de queijo cru	308	9.9	45.9	9.6	1.1
58	 Pastel de queijo frito	422	8.7	48.1	22.7	0.9
59	 Pastel massa crua	310	6.9	57.4	5.5	1.4
60	 Pastel massa frita	570	6.0	49.3	40.9	1.3
61	 Pipoca com óleo de soja sem sal	448	9.9	70.3	15.9	14.3
62	 Polenta pré-cozida	103	2.3	23.3	0.3	2.4
63	 Torrada pão francês	377	10.5	74.6	3.3	3.4
64	 Abóbora cabotian cozida	48	1.4	10.8	0.7	2.5
65	 Abóbora cabotian crua	39	1.7	8.4	0.5	2.2
66	 Abóbora menina brasileira crua	14	0.6	3.3	0.0	1.2
67	 Abóbora moranga crua	12	1.0	2.7	0.1	1.7
68	 Abóbora moranga refogada	29	0.4	6.0	0.8	1.5
69	 Abobora pescoço crua	24	0.7	6.1	0.1	2.3
70	 Abobrinha italiana cozida	15	1.1	3.0	0.2	1.6
71	 Abobrinha italiana crua	19	1.1	4.3	0.1	1.4
72	 Abobrinha italiana refogada	24	1.1	4.2	0.8	1.4
73	 Abobrinha paulista crua	31	0.6	7.9	0.1	2.6
74	 Acelga crua	21	1.4	4.6	0.1	1.1
75	 Agrião cru	17	2.7	2.3	0.2	2.1
76	 Aipo cru	19	0.8	4.3	0.1	1.0
77	 Alface americana crua	9	0.6	1.7	0.1	1.0
78	 Alface crespa crua	11	1.3	1.7	0.2	1.8
79	 Alface lisa crua	14	1.7	2.4	0.1	2.3
80	 Alface roxa crua	13	0.9	2.5	0.2	2.0
81	 Alfavaca crua	29	2.7	5.2	0.5	4.1
82	 Alho cru	113	7.0	23.9	0.2	4.3
83	 Alho-poró cru	32	1.4	6.9	0.1	2.5
84	 Almeirão cru	18	1.8	3.3	0.2	2.6
85	 Almeirão refogado	65	1.7	5.7	4.8	3.4
86	 Batata baroa cozida	80	0.9	18.9	0.2	1.8
87	 Batata baroa crua	101	1.0	24.0	0.2	2.1
88	 Batata doce cozida	77	0.6	18.4	0.1	2.2
89	 Batata doce crua	118	1.3	28.2	0.1	2.6
90	 Batata frita tipo chips industrializada	543	5.6	51.2	36.6	2.5
91	 Batata inglesa cozida	52	1.2	11.9	0.0	1.3
92	 Batata inglesa crua	64	1.8	14.7	0.0	1.2
93	 Batata inglesa frita	267	5.0	35.6	13.1	8.1
94	 Batata inglesa sauté	68	1.3	14.1	0.9	1.4
95	 Berinjela cozida	19	0.7	4.5	0.1	2.5
96	 Berinjela crua	20	1.2	4.4	0.1	2.9
97	 Beterraba cozida	32	1.3	7.2	0.1	1.9
98	 Beterraba crua	49	1.9	11.1	0.1	3.4
99	 Biscoito polvilho doce	438	1.3	80.5	12.2	1.2
100	 Brócolis cozido	25	2.1	4.4	0.5	3.4
101	 Brócolis cru	25	3.6	4.0	0.3	2.9
102	 Cará cozido	78	1.5	18.9	0.1	2.6
103	 Cará cru	96	2.3	23.0	0.1	7.3
104	 Caruru cru	34	3.2	6.0	0.6	4.5
105	 Catalonha crua	24	1.9	4.8	0.3	2.0
106	 Catalonha refogada	63	2.0	4.8	4.8	3.7
107	 Cebola crua	39	1.7	8.9	0.1	2.2
108	 Cebolinha crua	20	1.9	3.4	0.4	3.6
109	 Cenoura cozida	30	0.8	6.7	0.2	2.6
110	 Cenoura crua	34	1.3	7.7	0.2	3.2
111	 Chicória crua	14	1.1	2.9	0.1	2.2
112	 Chuchu cozido	19	0.4	4.8	0.0	1.0
113	 Chuchu cru	17	0.7	4.1	0.1	1.3
114	 Coentro folhas desidratadas	309	20.9	48.0	10.4	37.3
115	 Couve manteiga crua	27	2.9	4.3	0.5	3.1
116	 Couve manteiga refogada 	90	1.7	8.7	6.6	5.7
117	 Couve-flor crua	23	1.9	4.5	0.2	2.4
118	 Couve-flor cozida	19	1.2	3.9	0.3	2.1
119	 Espinafre  Nova Zelândia cru	16	2.0	2.6	0.2	2.1
120	 Espinafre Nova Zelândia refogado	67	2.7	4.2	5.4	2.5
121	 Farinha de mandioca crua	361	1.6	87.9	0.3	6.4
122	 Farinha de mandioca torrada	365	1.2	89.2	0.3	6.5
123	 Farinha de puba	360	1.6	87.3	0.5	4.2
124	 Fécula de mandioca	331	0.5	81.1	0.3	0.6
125	 Feijão broto cru	39	4.2	7.8	0.1	2.0
126	 Inhame cru	97	2.1	23.2	0.2	1.7
127	 Jiló cru	27	1.4	6.2	0.2	4.8
128	 Jurubeba crua	126	4.4	23.1	3.9	23.9
129	 Mandioca cozida	125	0.6	30.1	0.3	1.6
130	 Mandioca crua	151	1.1	36.2	0.3	1.9
131	 Mandioca farofa temperada	406	2.1	80.3	9.1	7.8
132	 Mandioca frita	300	1.4	50.3	11.2	1.9
133	 Manjericão cru	21	2.0	3.6	0.4	3.3
134	 Maxixe cru	14	1.4	2.7	0.1	2.2
135	 Mostarda folha crua	18	2.1	3.2	0.2	1.9
136	 Nhoque batata cozido	181	5.9	36.8	1.9	1.8
137	 Nabo cru	18	1.2	4.1	0.1	2.6
138	 Palmito juçara em conserva	23	1.8	4.3	0.4	3.2
139	 Palmito pupunha em conserva	29	2.5	5.5	0.5	2.6
140	 Pão de queijo assado	363	5.1	34.2	24.6	0.6
141	 Pão de queijo cru	295	3.6	38.5	14.0	1.0
142	 Pepino cru	10	0.9	2.0	0.0	1.1
143	 Pimentão amarelo cru	28	1.2	6.0	0.4	1.9
144	 Pimentão verde cru	21	1.1	4.9	0.2	2.6
145	 Pimentão vermelho cru	23	1.0	5.5	0.1	1.6
146	 Polvilho doce	351	0.4	86.8	0.0	0.2
147	 Quiabo cru	30	1.9	6.4	0.3	4.6
148	 Rabanete cru	14	1.4	2.7	0.1	2.2
149	 Repolho branco cru	17	0.9	3.9	0.1	1.9
150	 Repolho roxo cru	31	1.9	7.2	0.1	2.0
151	 Repolho roxo refogado	42	1.8	7.6	1.2	1.8
152	 Rúcula crua	13	1.8	2.2	0.1	1.7
153	 Salsa crua	33	3.3	5.7	0.6	1.9
154	 Seleta de legumes enlatada	57	3.4	12.7	0.4	3.1
155	 Serralha crua	30	2.7	4.9	0.7	3.5
156	 Taioba crua	34	2.9	5.4	0.9	4.5
157	 Tomate com semente cru	15	1.1	3.1	0.2	1.2
158	 Tomate extrato	61	2.4	15.0	0.2	2.8
159	 Tomate molho industrializado	38	1.4	7.7	0.9	3.1
160	 Tomate purê	28	1.4	6.9	0.0	1.0
161	 Tomate salada	21	0.8	5.1	0.0	2.3
162	 Vagem crua	25	1.8	5.3	0.2	2.4
163	 Abacate cru	96	1.2	6.0	8.4	6.3
164	 Abacaxi cru	48	0.9	12.3	0.1	1.0
165	 Abacaxi polpa congelada	31	0.5	7.8	0.1	0.3
166	 Abiu cru	62	0.8	14.9	0.7	1.7
167	 Açaí polpa com xarope de guaraná e glucose	110	0.7	21.5	3.7	1.7
168	 Açaí polpa congelada	58	0.8	6.2	3.9	2.6
169	 Acerola crua	33	0.9	8.0	0.2	1.5
170	 Acerola polpa congelada	22	0.6	5.5	0.0	0.7
171	 Ameixa calda enlatada 	183	0.4	46.9	0.0	0.5
172	 Ameixa crua	53	0.8	13.9	0.0	2.4
173	 Ameixa em calda enlatada drenada 	177	1.0	47.7	0.3	4.5
174	 Atemóia crua	97	1.0	25.3	0.3	2.1
175	 Banana da terra crua	128	1.4	33.7	0.2	1.5
176	 Banana doce em barra	280	2.2	75.7	0.1	3.8
177	 Banana figo crua	105	1.1	27.8	0.1	2.8
178	 Banana maçã crua	87	1.8	22.3	0.1	2.6
179	 Banana nanica crua	92	1.4	23.8	0.1	1.9
180	 Banana ouro crua	112	1.5	29.3	0.2	2.0
181	 Banana pacova crua	78	1.2	20.3	0.1	2.0
182	 Banana prata crua	98	1.3	26.0	0.1	2.0
183	 Cacau cru	74	1.0	19.4	0.1	2.2
184	 Cajá-Manga cru	46	1.3	11.4	0.0	2.6
185	 Cajá polpa congelada	26	0.6	6.4	0.2	1.4
186	 Caju cru	43	1.0	10.3	0.3	1.7
187	 Caju polpa congelada	37	0.5	9.4	0.2	0.8
188	 Caju suco concentrado envasado	45	0.4	10.7	0.2	0.6
189	 Caqui chocolate cru	71	0.4	19.3	0.1	6.5
190	 Carambola crua	46	0.9	11.5	0.2	2.0
191	 Ciriguela crua	76	1.4	18.9	0.4	3.9
192	 Cupuaçu cru	49	1.2	10.4	1.0	3.1
193	 Cupuaçu polpa congelada	49	0.8	11.4	0.6	1.6
194	 Figo cru	41	1.0	10.2	0.2	1.8
195	 Figo enlatado em calda	184	0.6	50.3	0.2	2.0
196	 Fruta-pão crua	67	1.1	17.2	0.2	5.5
197	 Goiaba branca com casca crua	52	0.9	12.4	0.5	6.3
198	 Goiaba doce em pasta	269	0.6	74.1	0.0	3.7
199	 Goiaba doce cascão	286	0.4	78.7	0.1	4.4
200	 Goiaba vermelha com casca crua	54	1.1	13.0	0.4	6.2
201	 Graviola crua	62	0.8	15.8	0.2	1.9
202	 Graviola polpa congelada	38	0.6	9.8	0.1	1.2
203	 Jabuticaba crua	58	0.6	15.3	0.1	2.3
204	 Jaca crua	88	1.4	22.5	0.3	2.4
205	 Jambo cru	27	0.9	6.5	0.1	5.1
206	 Jamelão cru	41	0.5	10.6	0.1	1.8
207	 Kiwi cru	51	1.3	11.5	0.6	2.7
208	 Laranja baía crua	45	1.0	11.5	0.1	1.1
209	 Laranja baía suco	37	0.7	8.7	0.0	0
210	 Laranja da terra crua	51	1.1	12.9	0.2	4.0
211	 Laranja da terra suco	41	0.7	9.6	0.1	1.0
212	 Laranja lima crua	46	1.1	11.5	0.1	1.8
213	 Laranja lima suco	39	0.7	9.2	0.1	0.4
214	 Laranja pêra crua	37	1.0	8.9	0.1	0.8
215	 Laranja pêra suco	33	0.7	7.6	0.1	0
216	 Laranja valência crua	46	0.8	11.7	0.2	1.7
217	 Laranja valência suco	36	0.5	8.6	0.1	0.4
218	 Limão cravo suco	14	0.3	5.2	0.0	0
219	 Limão galego suco	22	0.6	7.3	0.1	0
220	 Limão tahiti cru	32	0.9	11.1	0.1	1.2
221	 Maçã Argentina com casca crua	63	0.2	16.6	0.2	2.0
222	 Maçã Fuji com casca crua	56	0.3	15.2	0.0	1.3
223	 Macaúba crua	404	2.1	13.9	40.7	13.4
224	 Mamão doce em calda drenado	196	0.2	54.0	0.1	1.3
225	 Mamão Formosa cru	45	0.8	11.6	0.1	1.8
226	 Mamão Papaia cru	40	0.5	10.4	0.1	1.0
227	 Mamão verde doce em calda drenado	209	0.3	57.6	0.1	1.2
228	 Manga Haden crua	64	0.4	16.7	0.3	1.6
229	 Manga Palmer crua	72	0.4	19.4	0.2	1.6
230	 Manga polpa congelada	48	0.4	12.5	0.2	1.1
231	 Manga Tommy Atkins crua	51	0.9	12.8	0.2	2.1
232	 Maracujá cru	68	2.0	12.3	2.1	1.1
233	 Maracujá polpa congelada	39	0.8	9.6	0.2	0.5
234	 Maracujá suco concentrado envasado	42	0.8	9.6	0.2	0.4
235	 Melancia crua	33	0.9	8.1	0.0	0.1
236	 Melão cru	29	0.7	7.5	0.0	0.3
237	 Mexerica Murcote crua	58	0.9	14.9	0.1	3.1
238	 Mexerica Rio crua	37	0.7	9.3	0.1	2.7
239	 Morango cru	30	0.9	6.8	0.3	1.7
240	 Nêspera crua	43	0.3	11.5	0.0	3.0
241	 Pequi cru	205	2.3	13.0	18.0	19.0
242	 Pêra Park crua	61	0.2	16.1	0.2	3.0
243	 Pêra Williams crua	53	0.6	14.0	0.1	3.0
244	 Pêssego Aurora cru	36	0.8	9.3	0.0	1.4
245	 Pêssego enlatado em calda	63	0.7	16.9	0.0	1.0
246	 Pinha crua	88	1.5	22.4	0.3	3.4
247	 Pitanga crua	41	0.9	10.2	0.2	3.2
248	 Pitanga polpa congelada	19	0.3	4.8	0.1	0.7
249	 Romã crua	56	0.4	15.1	0.0	0.4
250	 Tamarindo cru	276	3.2	72.5	0.5	6.4
251	 Tangerina Poncã crua	38	0.8	9.6	0.1	0.9
252	 Tangerina Poncã suco	36	0.5	8.8	0.0	0
253	 Tucumã cru	262	2.1	26.5	19.1	12.7
254	 Umbu cru	37	0.8	9.4	0.0	2.0
255	 Umbu polpa congelada	34	0.5	8.8	0.1	1.3
256	 Uva Itália crua	53	0.7	13.6	0.2	0.9
257	 Uva Rubi crua	49	0.6	12.7	0.2	0.9
258	 Uva suco concentrado envasado	58	0.0	14.7	0.0	0.2
259	 Azeite de dendê	884	0.0	0.0	100.0	0
260	 Azeite de oliva extra virgem	884	0.0	0.0	100.0	0
261	 Manteiga com sal	726	0.4	0.1	82.4	0
262	 Manteiga sem sal	758	0.4	0.0	86.0	0
263	 Margarina com óleo hidrogenado com sal (65% de lipídeos)	596	0.0	0.0	67.4	0
264	 Margarina com óleo hidrogenado sem sal (80% de lipídeos)	723	0.0	0.0	81.7	0
265	 Margarina com óleo interesterificado com sal (65%de lipídeos)	594	0.0	0.0	67.2	0
266	 Margarina com óleo interesterificado sem sal (65% de lipídeos)	593	0.0	0.0	67.1	0
267	 Óleo de babaçu	884	0.0	0.0	100.0	0
268	 Óleo de canola	884	0.0	0.0	100.0	0
269	 Óleo de girassol	884	0.0	0.0	100.0	0
270	 Óleo de milho	884	0.0	0.0	100.0	0
271	 Óleo de pequi	884	0.0	0.0	100.0	0
272	 Óleo de soja	884	0.0	0.0	100.0	0
273	 Abadejo filé congelado assado	112	23.5	0.0	1.2	0
274	 Abadejo filé congelado.cozido	91	19.3	0.0	0.9	0
275	 Abadejo filé congelado cru	59	13.1	0.0	0.4	0
276	 Abadejo filé congelado grelhado	130	27.6	0.0	1.3	0
277	 Atum conserva em óleo	166	26.2	0.0	6.0	0
278	 Atum fresco cru	118	25.7	0.0	0.9	0
279	 Bacalhau salgado cru	136	29.0	0.0	1.3	0
280	 Bacalhau salgado refogado	140	24.0	1.2	3.6	0
281	 Cação posta com farinha de trigo frita	208	25.0	3.1	10.0	0.5
282	 Cação posta cozida	116	25.6	0.0	0.7	0
283	 Cação posta crua	83	17.9	0.0	0.8	0
284	 Camarão Rio Grande grande cozido	90	19.0	0.0	1.0	0
285	 Camarão Rio Grande grande cru	47	10.0	0.0	0.5	0
286	 Camarão Sete Barbas sem cabeça com casca frito	231	18.4	2.9	15.6	0
287	 Caranguejo cozido	83	18.5	0.0	0.4	0
288	 Corimba cru	128	17.4	0.0	6.0	0
289	 Corimbatá assado	261	19.9	0.0	19.6	0
290	 Corimbatá cozido	239	20.1	0.0	16.9	0
291	 Corvina de água doce crua	101	18.9	0.0	2.2	0
292	 Corvina do mar crua	94	18.6	0.0	1.6	0
293	 Corvina grande assada	147	26.8	0.0	3.6	0
294	 Corvina grande cozida	100	23.4	0.0	2.6	0
295	 Dourada de água doce fresca	131	18.8	0.0	5.6	0
296	 Lambari congelado cru	131	16.8	0.0	6.5	0
297	 Lambari congelado frito	327	28.4	0.0	22.8	0
298	 Lambari fresco cru	152	15.7	0.0	9.4	0
299	 Manjuba com farinha de trigo frita	344	23.5	10.2	22.6	0.4
300	 Manjuba frita	349	30.1	0.0	24.5	0
301	 Merluza filé assado	122	26.6	0.0	0.9	0
302	 Merluza filé cru	89	16.6	0.0	2.0	0
303	 Merluza filé frito	192	26.9	0.0	8.5	0
304	 Pescada branca crua	111	16.3	0.0	4.6	0
305	 Pescada branca frita	223	27.4	0.0	11.8	0
306	 Pescada filé com farinha de trigo frito	283	21.4	5.0	19.1	0
307	 Pescada filé cru	107	16.7	0.0	4.0	0
308	 Pescada filé frito	154	28.6	0.0	3.6	0
309	 Pescada filé molho escabeche	142	11.8	5.0	8.0	0.8
310	 Pescadinha crua	76	15.5	0.0	1.1	0
311	 Pintado assado	192	36.5	0.0	4.0	0
312	 Pintado cru	91	18.6	0.0	1.3	0
313	 Pintado grelhado	152	30.8	0.0	2.3	0
314	 Porquinho cru	93	20.5	0.0	0.6	0
315	 Salmão filé com pele fresco  grelhado	229	23.9	0.0	14.0	0
316	 Salmão sem pele fresco cru	170	19.3	0.0	9.7	0
317	 Salmão sem pele fresco grelhado	243	26.1	0.0	14.5	0
318	 Sardinha assada	164	32.2	0.0	3.0	0
319	 Sardinha conserva em óleo	285	15.9	0.0	24.0	0
320	 Sardinha frita	257	33.4	0.0	12.7	0
321	 Sardinha inteira crua	114	21.1	0.0	2.7	0
322	 Tucunaré filé congelado cru	88	18.0	0.0	1.2	0
323	 Apresuntado	129	13.5	2.9	6.7	0
324	 Caldo de carne tablete	241	7.8	15.1	16.6	0.6
325	 Caldo de galinha tablete	251	6.3	10.6	20.4	11.8
326	 Carne bovina acém moído cozido	212	26.7	0.0	10.9	0
327	 Carne bovina acém moído cru	137	19.4	0.0	5.9	0
328	 Carne bovina acém sem gordura cozido	215	27.3	0.0	10.9	0
329	 Carne bovina acém sem gordura cru	144	20.8	0.0	6.1	0
330	 Carne bovina almôndegas cruas	189	12.3	9.8	11.2	0
331	 Carne bovina almôndegas fritas	272	18.2	14.3	15.8	0
332	 Carne bovina bucho cozido	133	21.6	0.0	4.5	0
333	 Carne bovina bucho cru	137	20.5	0.0	5.5	0
334	 Carne bovina capa de contra-filé com gordura crua	217	19.2	0.0	15.0	0
335	 Carne bovina capa de contra-filé com gordura grelhada	312	30.7	0.0	20.0	0
336	 Carne bovina capa de contra-filé sem gordura crua	131	21.5	0.0	4.3	0
337	 Carne bovina capa de contra-filé sem gordura grelhada	239	35.1	0.0	10.0	0
338	 Carne bovina charque cozido	263	36.4	0.0	11.9	0
339	 Carne bovina charque cru	249	22.7	0.0	16.8	0
340	 Carne bovina contra-filé à milanesa	352	20.6	12.2	24.0	0.4
341	 Carne bovina contra-filé de costela cru	202	19.8	0.0	13.1	0
342	 Carne bovina contra-filé de costela grelhado	275	29.9	0.0	16.3	0
343	 Carne bovina contra-filé com gordura cru	206	21.2	0.0	12.8	0
344	 Carne bovina contra-filé com gordura grelhado	278	32.4	0.0	15.5	0
345	 Carne bovina contra-filé sem gordura cru	157	24.0	0.0	6.0	0
346	 Carne bovina contra-filé sem gordura grelhado	194	35.9	0.0	4.5	0
347	 Carne bovina costela assada	373	28.8	0.0	27.7	0
348	 Carne bovina costela crua	358	16.7	0.0	31.8	0
349	 Carne bovina coxão duro sem gordura cozido	217	31.9	0.0	8.9	0
350	 Carne bovina coxão duro sem gordura cru	148	21.5	0.0	6.2	0
351	 Carne bovina coxão mole sem gordura cozido	219	32.4	0.0	8.9	0
352	 Carne bovina coxão mole sem gordura cru	169	21.2	0.0	8.7	0
353	 Carne bovina cupim assado	330	28.6	0.0	23.0	0
354	 Carne bovina cupim cru	221	19.5	0.0	15.3	0
355	 Carne bovina fígado cru	141	20.7	1.1	5.4	0
356	 Carne bovina fígado grelhado	225	29.9	4.2	9.0	0
357	 Carne bovina filé mingnon sem gordura cru	143	21.6	0.0	5.6	0
358	 Carne bovina filé mingnon sem gordura grelhado	220	32.8	0.0	8.8	0
359	 Carne bovina flanco sem gordura cozido	196	29.4	0.0	7.8	0
360	 Carne bovina flanco sem gordura cru	141	20.0	0.0	6.2	0
361	 Carne bovina fraldinha com gordura cozida	338	24.2	0.0	26.0	0
362	 Carne bovina fraldinha com gordura crua	221	17.6	0.0	16.1	0
363	 Carne bovina lagarto cozido	222	32.9	0.0	9.1	0
364	 Carne bovina lagarto cru	135	20.5	0.0	5.2	0
365	 Carne bovina língua cozida	315	21.4	0.0	24.8	0
366	 Carne bovina língua crua	215	17.1	0.0	15.8	0
367	 Carne bovina maminha crua	153	20.9	0.0	7.0	0
368	 Carne bovina maminha grelhada	153	30.7	0.0	2.4	0
369	 Carne bovina miolo de alcatra sem gordura cru	163	21.6	0.0	7.8	0
370	 Carne bovina miolo de alcatra sem gordura grelhado	241	31.9	0.0	11.6	0
371	 Carne bovina músculo sem gordura cozido	194	31.2	0.0	6.7	0
372	 Carne bovina músculo sem gordura cru	142	21.6	0.0	5.5	0
373	 Carne bovina paleta com gordura crua	159	21.4	0.0	7.5	0
374	 Carne bovina paleta sem gordura cozida	194	29.7	0.0	7.4	0
375	 Carne bovina paleta sem gordura crua	141	21.0	0.0	5.7	0
376	 Carne bovina patinho sem gordura cru	133	21.7	0.0	4.5	0
377	 Carne bovina patinho sem gordura grelhado	219	35.9	0.0	7.3	0
378	 Carne bovina peito sem gordura cozido	338	22.2	0.0	27.0	0
379	 Carne bovina peito sem gordura cru	259	17.6	0.0	20.4	0
380	 Carne bovina picanha com gordura crua	213	18.8	0.0	14.7	0
381	 Carne bovina picanha com gordura grelhada	289	26.4	0.0	19.5	0
382	 Carne bovina picanha sem gordura crua	134	21.3	0.0	4.7	0
383	 Carne bovina picanha sem gordura grelhada	238	31.9	0.0	11.3	0
384	 Carne bovina seca cozida	313	26.9	0.0	21.9	0
385	 Carne bovina seca crua	313	19.7	0.0	25.4	0
386	 Coxinha de frango frita	283	9.6	34.5	11.8	5.0
387	 Croquete de carne cru	246	12.0	13.9	15.6	0
388	 Croquete de carne frito	347	16.9	18.1	22.7	0
389	 Empada de frango pré-cozida assada	358	6.9	47.5	15.6	2.2
390	 Empada de frango pré-cozida	377	7.3	35.5	22.9	2.2
391	 Frango asa com pele crua	213	18.1	0.0	15.1	0
392	 Frango caipira inteiro com pele cozido	243	23.9	0.0	15.6	0
393	 Frango caipira inteiro sem pele cozido	196	29.6	0.0	7.7	0
394	 Frango coração cru	222	12.6	0.0	18.6	0
395	 Frango coração grelhado	207	22.4	0.6	12.1	0
396	 Frango coxa com pele assada	215	28.5	0.1	10.4	0
397	 Frango coxa com pele crua	161	17.1	0.0	9.8	0
398	 Frango coxa sem pele cozida	167	26.9	0.0	5.8	0
399	 Frango coxa sem pele crua	120	17.8	0.0	4.9	0
400	 Frango fígado cru	106	17.6	0.0	3.5	0
401	 Frango filé à milanesa	221	28.5	7.5	7.8	1.1
402	 Frango inteiro com pele cru	226	16.4	0.0	17.3	0
403	 Frango inteiro sem pele assado	187	28.0	0.0	7.5	0
404	 Frango inteiro sem pele cozido	170	25.0	0.0	7.1	0
405	 Frango inteiro sem pele cru	129	20.6	0.0	4.6	0
406	 Frango peito com pele assado	212	33.4	0.0	7.6	0
407	 Frango peito com pele cru	149	20.8	0.0	6.7	0
408	 Frango peito sem pele cozido	163	31.5	0.0	3.2	0
409	 Frango peito sem pele cru	119	21.5	0.0	3.0	0
410	 Frango peito sem pele grelhado	159	32.0	0.0	2.5	0
411	 Frango sobrecoxa com pele assada	260	28.7	0.0	15.2	0
412	 Frango sobrecoxa com pele crua	255	15.5	0.0	20.9	0
413	 Frango sobrecoxa sem pele assada	233	29.2	0.0	12.0	0
414	 Frango sobrecoxa sem pele crua	162	17.6	0.0	9.6	0
415	 Hambúrguer bovino cru	215	13.2	4.2	16.2	0
416	 Hambúrguer bovino frito	258	20.0	6.3	17.0	0
417	 Hambúrguer bovino grelhado	210	13.2	11.3	12.4	0
418	 Lingüiça frango crua	218	14.2	0.0	17.4	0
419	 Lingüiça frango frita	245	18.3	0.0	18.5	0
420	 Lingüiça frango grelhada	244	18.2	0.0	18.4	0
421	 Lingüiça porco crua	227	16.1	0.0	17.6	0
422	 Lingüiça porco frita	280	20.5	0.0	21.3	0
423	 Lingüiça porco grelhada	296	23.2	0.0	21.9	0
424	 Mortadela	269	12.0	5.8	21.6	0
425	 Peru congelado assado	163	26.2	0.0	5.7	0
426	 Peru congelado cru	94	18.1	0.0	1.8	0
427	 Porco bisteca crua	164	21.5	0.0	8.0	0
428	 Porco bisteca frita	311	33.7	0.0	18.5	0
429	 Porco bisteca grelhada	280	28.9	0.0	17.4	0
430	 Porco costela assada	402	30.2	0.0	30.3	0
431	 Porco costela crua	256	18.0	0.0	19.8	0
432	 Porco lombo assado	210	35.7	0.0	6.4	0
433	 Porco lombo cru	176	22.6	0.0	8.8	0
434	 Porco orelha salgada crua	258	18.5	0.0	19.9	0
435	 Porco pernil assado	262	32.1	0.0	13.9	0
436	 Porco pernil cru	186	20.1	0.0	11.1	0
437	 Porco rabo salgado cru	377	15.6	0.0	34.5	0
438	 Presunto com capa de gordura	128	14.4	1.4	6.8	0
439	 Presunto sem capa de gordura	94	14.3	2.1	2.7	0
440	 Quibe assado	136	14.6	12.9	2.7	1.9
441	 Quibe cru	109	12.4	10.8	1.7	1.6
442	 Quibe frito	254	14.9	12.3	15.8	0
443	 Salame	398	25.8	2.9	30.6	0
444	 Toucinho cru	593	11.5	0.0	60.3	0
445	 Toucinho frito	697	27.3	0.0	64.3	0
446	 Bebida láctea pêssego	55	2.1	7.6	1.9	0.3
447	 Creme de Leite	221	1.5	4.5	22.5	0
448	 Iogurte natural	51	4.1	1.9	3.0	0
449	 Iogurte natural desnatado	41	3.8	5.8	0.3	0
450	 Iogurte sabor abacaxi	0	0.0	0.0	0.0	0
451	 Iogurte sabor morango	70	2.7	9.7	2.3	0.2
452	 Iogurte sabor pêssego	68	2.5	9.4	2.3	0.7
453	 Leite condensado	313	7.7	57.0	6.7	0
454	 Leite de cabra	66	3.1	5.2	3.8	0
455	 Leite de vaca achocolatado	83	2.1	14.2	2.2	0.6
456	 Leite de vaca desnatado pó	362	34.7	53.0	0.9	0
457	 Leite de vaca desnatado UHT	0	0.0	0.0	0.0	0
458	 Leite de vaca integral	0	0.0	0.0	0.0	0
459	 Leite de vaca integral pó	497	25.4	39.2	26.9	0
460	 Leite fermentado	70	1.9	15.7	0.1	0
461	 Queijo minas frescal	264	17.4	3.2	20.2	0
462	 Queijo minas meia cura	321	21.2	3.6	24.6	0
463	 Queijo mozarela	330	22.6	3.0	25.2	0
464	 Queijo parmesão	453	35.6	1.7	33.5	0
465	 Queijo pasteurizado	303	9.4	5.7	27.4	0
466	 Queijo petit suisse morango	121	5.8	18.5	2.8	0
467	 Queijo prato	360	22.7	1.9	29.1	0
468	 Queijo requeijão cremoso	257	9.6	2.4	23.4	0
469	 Queijo ricota	140	12.6	3.8	8.1	0
470	 Bebida isotônica sabores variados	26	0.0	6.4	0.0	0
471	 Café infusão 10%	9	0.7	1.5	0.1	0
472	 Cana caldo de	65	0.0	18.2	0.0	0.1
473	 Chá erva-doce infusão 5%	1	0.0	0.4	0.0	0
474	 Chá mate infusão 5%	3	0.0	0.6	0.1	0
475	 Chá preto infusão 5%	2	0.0	0.6	0.0	0
476	 Coco água de	22	0.0	5.3	0.0	0.1
477	 Refrigerante tipo água tônica	31	0.0	8.0	0.0	0
478	 Refrigerante tipo cola	34	0.0	8.7	0.0	0
479	 Refrigerante tipo guaraná	39	0.0	10.0	0.0	0
480	 Refrigerante tipo laranja	46	0.0	11.8	0.0	0
481	 Refrigerante tipo limão	40	0.0	10.3	0.0	0
482	 Omelete de queijo	268	15.6	0.4	22.0	0
483	 Ovo de codorna inteiro cru	177	13.7	0.8	12.7	0
484	 Ovo de galinha clara cozida/10minutos	59	13.4	0.0	0.1	0
485	 Ovo de galinha gema cozida/10minutos	353	15.9	1.6	30.8	0
486	 Ovo de galinha inteiro cozido/10minutos	146	13.3	0.6	9.5	0
487	 Ovo de galinha inteiro cru	143	13.0	1.6	8.9	0
488	 Ovo de galinha inteiro frito	240	15.6	1.2	18.6	0
489	 Achocolatado pó	401	4.2	91.2	2.2	3.9
490	 Açúcar cristal	387	0.3	99.6	0.0	0
491	 Açúcar mascavo	369	0.8	94.5	0.1	0
492	 Açúcar refinado	387	0.3	99.5	0.0	0
493	 Chocolate ao leite	540	7.2	59.6	30.3	2.2
494	 Chocolate ao leite com castanha do Pará	559	7.4	55.4	34.2	2.5
495	 Chocolate ao leite dietético	557	6.9	56.3	33.8	2.8
496	 Chocolate meio amargo	475	4.9	62.4	29.9	4.9
497	 Cocada branca	449	1.1	81.4	13.6	3.6
498	 Doce de abóbora cremoso	199	0.9	54.6	0.2	2.3
499	 Doce de leite cremoso	306	5.5	59.5	6.0	0
500	 Geléia mocotó natural	106	2.1	24.2	0.1	0
501	 Glicose de milho	292	0.0	79.4	0.0	0
502	 Maria mole	301	3.8	73.6	0.2	0.7
503	 Maria mole coco queimado	307	3.9	75.1	0.1	0.6
504	 Marmelada	257	0.4	70.8	0.1	4.1
505	 Mel de abelha	309	0.0	84.0	0.0	0
506	 Melado	297	0.0	76.6	0.0	0
507	 Quindim	411	4.7	46.3	24.4	3.2
508	 Rapadura	352	1.0	90.8	0.1	0
509	 Café pó torrado	419	14.7	65.8	11.9	51.2
510	 Capuccino pó	417	11.3	73.6	8.6	2.4
511	 Fermento em pó químico	90	0.5	43.9	0.1	0
512	 Fermento biológico levedura tablete	90	17.0	7.7	1.5	4.2
513	 Gelatina sabores variados pó	380	8.9	89.2	0.0	0
514	 Sal dietético	0	0.0	0.0	0.0	0
515	 Sal grosso	0	0.0	0.0	0.0	0
516	 Shoyu	61	3.3	11.6	0.3	0
517	 Tempero a base de sal	21	2.7	2.1	0.3	0.6
518	 Azeitona preta conserva	194	1.2	5.5	20.3	4.6
519	 Azeitona verde conserva	137	0.9	4.1	14.2	3.8
520	 Chantilly spray com gordura vegetal	315	0.5	16.9	27.3	0
521	 Leite de coco	166	1.0	2.2	18.4	0.7
522	 Maionese tradicional com ovos	302	0.6	7.9	30.5	0
523	 Acarajé	289	8.3	19.1	19.9	9.4
524	 Arroz carreteiro	154	10.8	11.6	7.1	1.5
525	 Baião de dois arroz e feijão-de-corda	136	6.2	20.4	3.2	5.1
526	 Barreado	165	18.3	0.2	9.5	0.1
527	 Bife à cavalo com contra filé	291	23.7	0.0	21.1	0
528	 Bolinho de arroz	274	8.0	41.7	8.3	2.7
529	 Camarão à baiana	101	7.9	3.2	6.0	0.4
530	 Charuto de repolho	78	6.8	10.1	1.1	1.5
531	 Cuscuz de milho cozido com sal	113	2.2	25.3	0.7	2.1
532	 Cuscuz paulista	142	2.6	22.5	4.6	2.4
533	 Cuxá molho	80	5.6	5.7	3.6	3.0
534	 Dobradinha	125	19.8	0.0	4.4	0
535	 Estrogonofe de carne	173	15.0	3.0	10.8	0
536	 Estrogonofe de frango	157	17.6	2.6	8.0	0
537	 Feijão tropeiro mineiro	152	10.2	19.6	6.8	3.6
538	 Feijoada	117	8.7	11.6	6.5	5.1
539	 Frango com açafrão	113	9.7	4.1	6.2	0.2
540	 Macarrão molho bolognesa	120	4.9	22.5	0.9	0.8
541	 Maniçoba	134	10.0	3.4	8.7	2.2
542	 Quibebe	86	8.6	6.6	2.7	1.7
543	 Salada de legumes com maionese	96	1.1	8.9	7.0	2.2
544	 Salada de legumes cozida no vapor	35	2.0	7.1	0.3	2.5
545	 Salpicão de frango	148	13.9	4.6	7.8	0.4
546	 Sarapatel	123	18.5	1.1	4.4	0
547	 Tabule	57	2.0	10.6	1.2	2.1
548	 Tacacá	47	7.0	3.4	0.4	0.2
549	 Tapioca com manteiga	348	0.1	63.6	10.9	0
550	 Tucupi com pimenta-de-cheiro	27	2.1	4.7	0.3	0.2
551	 Vaca atolada	145	5.1	10.1	9.3	2.3
552	 Vatapá	255	6.0	9.7	23.2	1.7
553	 Virado à paulista	307	10.2	14.1	25.6	2.2
554	 Yakisoba	113	7.5	18.3	2.6	1.1
555	 Amendoim grão cru	544	27.2	20.3	43.9	8.0
556	 Amendoim torrado salgado	606	22.5	18.7	54.0	7.8
557	 Ervilha em vagem	88	7.5	14.2	0.5	9.7
558	 Ervilha enlatada drenada	74	4.6	13.4	0.4	5.1
559	 Feijão carioca cozido	76	4.8	13.6	0.5	8.5
560	 Feijão carioca cru	329	20.0	61.2	1.3	18.4
561	 Feijão fradinho cozido	78	5.1	13.5	0.6	7.5
562	 Feijão fradinho cru	339	20.2	61.2	2.4	23.6
563	 Feijão jalo cozido	93	6.1	16.5	0.5	13.9
564	 Feijão jalo cru	328	20.1	61.5	0.9	30.3
565	 Feijão preto cozido	77	4.5	14.0	0.5	8.4
566	 Feijão preto cru	324	21.3	58.8	1.2	21.8
567	 Feijão rajado cozido	85	5.5	15.3	0.4	9.3
568	 Feijão rajado cru	326	17.3	62.9	1.2	24.0
569	 Feijão rosinha cozido	68	4.5	11.8	0.5	4.8
570	 Feijão rosinha cru	337	20.9	62.2	1.3	20.6
571	 Feijão roxo cozido	77	5.7	12.9	0.5	11.5
572	 Feijão roxo cru	331	22.2	60.0	1.2	33.8
573	 Grão-de-bico cru	355	21.2	57.9	5.4	12.4
574	 Guandu cru	344	19.0	64.0	2.1	21.3
575	 Lentilha cozida	93	6.3	16.3	0.5	7.9
576	 Lentilha crua	339	23.2	62.0	0.8	16.9
577	 Paçoca amendoim	487	16.0	52.4	26.1	7.3
578	 Pé-de-moleque amendoim	503	13.2	54.7	28.0	3.4
579	 Soja farinha	404	36.0	38.4	14.6	20.2
580	 Soja extrato solúvel natural fluido	39	2.4	4.3	1.6	0.4
581	 Soja extrato solúvel pó	459	35.7	28.5	26.2	7.3
582	 Soja queijo (tofu)	64	6.6	2.1	4.0	0.8
583	 Tremoço cru	381	33.6	43.8	10.3	32.3
584	 Tremoço em conserva	121	11.1	12.4	3.8	14.4
585	 Amêndoa torrada salgada	581	18.6	29.5	47.3	11.6
586	 Castanha-de-caju torrada salgada	570	18.5	29.1	46.3	3.7
587	 Castanha-do-Brasil crua	643	14.5	15.1	63.5	7.9
588	 Coco cru	406	3.7	10.4	42.0	5.4
589	 Coco  verde cru	0	0.0	0.0	0.0	0
590	 Farinha de mesocarpo de babaçu crua	329	1.4	79.2	0.2	17.9
591	 Gergelim semente	584	21.2	21.6	50.4	11.9
592	 Linhaça semente	495	14.1	43.3	32.3	33.5
593	 Pinhão cozido	174	3.0	43.9	0.7	15.6
594	 Pupunha cozida	219	2.5	29.6	12.8	4.3
595	 Noz crua	620	14.0	18.4	59.4	7.2
\.


--
-- Name: auth_group_id_seq; Type: SEQUENCE SET; Schema: public; Owner: postgres
--

SELECT pg_catalog.setval('public.auth_group_id_seq', 1, false);


--
-- Name: auth_group_permissions_id_seq; Type: SEQUENCE SET; Schema: public; Owner: postgres
--

SELECT pg_catalog.setval('public.auth_group_permissions_id_seq', 1, false);


--
-- Name: auth_permission_id_seq; Type: SEQUENCE SET; Schema: public; Owner: postgres
--

SELECT pg_catalog.setval('public.auth_permission_id_seq', 28, true);


--
-- Name: auth_user_groups_id_seq; Type: SEQUENCE SET; Schema: public; Owner: postgres
--

SELECT pg_catalog.setval('public.auth_user_groups_id_seq', 1, false);


--
-- Name: auth_user_id_seq; Type: SEQUENCE SET; Schema: public; Owner: postgres
--

SELECT pg_catalog.setval('public.auth_user_id_seq', 1, false);


--
-- Name: auth_user_user_permissions_id_seq; Type: SEQUENCE SET; Schema: public; Owner: postgres
--

SELECT pg_catalog.setval('public.auth_user_user_permissions_id_seq', 1, false);


--
-- Name: django_admin_log_id_seq; Type: SEQUENCE SET; Schema: public; Owner: postgres
--

SELECT pg_catalog.setval('public.django_admin_log_id_seq', 1, false);


--
-- Name: django_content_type_id_seq; Type: SEQUENCE SET; Schema: public; Owner: postgres
--

SELECT pg_catalog.setval('public.django_content_type_id_seq', 7, true);


--
-- Name: django_migrations_id_seq; Type: SEQUENCE SET; Schema: public; Owner: postgres
--

SELECT pg_catalog.setval('public.django_migrations_id_seq', 19, true);


--
-- Name: tb_taco_id_seq; Type: SEQUENCE SET; Schema: public; Owner: postgres
--

SELECT pg_catalog.setval('public.tb_taco_id_seq', 595, true);


--
-- Name: auth_group auth_group_name_key; Type: CONSTRAINT; Schema: public; Owner: postgres
--

ALTER TABLE ONLY public.auth_group
    ADD CONSTRAINT auth_group_name_key UNIQUE (name);


--
-- Name: auth_group_permissions auth_group_permissions_group_id_permission_id_0cd325b0_uniq; Type: CONSTRAINT; Schema: public; Owner: postgres
--

ALTER TABLE ONLY public.auth_group_permissions
    ADD CONSTRAINT auth_group_permissions_group_id_permission_id_0cd325b0_uniq UNIQUE (group_id, permission_id);


--
-- Name: auth_group_permissions auth_group_permissions_pkey; Type: CONSTRAINT; Schema: public; Owner: postgres
--

ALTER TABLE ONLY public.auth_group_permissions
    ADD CONSTRAINT auth_group_permissions_pkey PRIMARY KEY (id);


--
-- Name: auth_group auth_group_pkey; Type: CONSTRAINT; Schema: public; Owner: postgres
--

ALTER TABLE ONLY public.auth_group
    ADD CONSTRAINT auth_group_pkey PRIMARY KEY (id);


--
-- Name: auth_permission auth_permission_content_type_id_codename_01ab375a_uniq; Type: CONSTRAINT; Schema: public; Owner: postgres
--

ALTER TABLE ONLY public.auth_permission
    ADD CONSTRAINT auth_permission_content_type_id_codename_01ab375a_uniq UNIQUE (content_type_id, codename);


--
-- Name: auth_permission auth_permission_pkey; Type: CONSTRAINT; Schema: public; Owner: postgres
--

ALTER TABLE ONLY public.auth_permission
    ADD CONSTRAINT auth_permission_pkey PRIMARY KEY (id);


--
-- Name: auth_user_groups auth_user_groups_pkey; Type: CONSTRAINT; Schema: public; Owner: postgres
--

ALTER TABLE ONLY public.auth_user_groups
    ADD CONSTRAINT auth_user_groups_pkey PRIMARY KEY (id);


--
-- Name: auth_user_groups auth_user_groups_user_id_group_id_94350c0c_uniq; Type: CONSTRAINT; Schema: public; Owner: postgres
--

ALTER TABLE ONLY public.auth_user_groups
    ADD CONSTRAINT auth_user_groups_user_id_group_id_94350c0c_uniq UNIQUE (user_id, group_id);


--
-- Name: auth_user auth_user_pkey; Type: CONSTRAINT; Schema: public; Owner: postgres
--

ALTER TABLE ONLY public.auth_user
    ADD CONSTRAINT auth_user_pkey PRIMARY KEY (id);


--
-- Name: auth_user_user_permissions auth_user_user_permissions_pkey; Type: CONSTRAINT; Schema: public; Owner: postgres
--

ALTER TABLE ONLY public.auth_user_user_permissions
    ADD CONSTRAINT auth_user_user_permissions_pkey PRIMARY KEY (id);


--
-- Name: auth_user_user_permissions auth_user_user_permissions_user_id_permission_id_14a6b632_uniq; Type: CONSTRAINT; Schema: public; Owner: postgres
--

ALTER TABLE ONLY public.auth_user_user_permissions
    ADD CONSTRAINT auth_user_user_permissions_user_id_permission_id_14a6b632_uniq UNIQUE (user_id, permission_id);


--
-- Name: auth_user auth_user_username_key; Type: CONSTRAINT; Schema: public; Owner: postgres
--

ALTER TABLE ONLY public.auth_user
    ADD CONSTRAINT auth_user_username_key UNIQUE (username);


--
-- Name: django_admin_log django_admin_log_pkey; Type: CONSTRAINT; Schema: public; Owner: postgres
--

ALTER TABLE ONLY public.django_admin_log
    ADD CONSTRAINT django_admin_log_pkey PRIMARY KEY (id);


--
-- Name: django_content_type django_content_type_app_label_model_76bd3d3b_uniq; Type: CONSTRAINT; Schema: public; Owner: postgres
--

ALTER TABLE ONLY public.django_content_type
    ADD CONSTRAINT django_content_type_app_label_model_76bd3d3b_uniq UNIQUE (app_label, model);


--
-- Name: django_content_type django_content_type_pkey; Type: CONSTRAINT; Schema: public; Owner: postgres
--

ALTER TABLE ONLY public.django_content_type
    ADD CONSTRAINT django_content_type_pkey PRIMARY KEY (id);


--
-- Name: django_migrations django_migrations_pkey; Type: CONSTRAINT; Schema: public; Owner: postgres
--

ALTER TABLE ONLY public.django_migrations
    ADD CONSTRAINT django_migrations_pkey PRIMARY KEY (id);


--
-- Name: django_session django_session_pkey; Type: CONSTRAINT; Schema: public; Owner: postgres
--

ALTER TABLE ONLY public.django_session
    ADD CONSTRAINT django_session_pkey PRIMARY KEY (session_key);


--
-- Name: tb_taco tb_taco_pkey; Type: CONSTRAINT; Schema: public; Owner: postgres
--

ALTER TABLE ONLY public.tb_taco
    ADD CONSTRAINT tb_taco_pkey PRIMARY KEY (id);


--
-- Name: auth_group_name_a6ea08ec_like; Type: INDEX; Schema: public; Owner: postgres
--

CREATE INDEX auth_group_name_a6ea08ec_like ON public.auth_group USING btree (name varchar_pattern_ops);


--
-- Name: auth_group_permissions_group_id_b120cbf9; Type: INDEX; Schema: public; Owner: postgres
--

CREATE INDEX auth_group_permissions_group_id_b120cbf9 ON public.auth_group_permissions USING btree (group_id);


--
-- Name: auth_group_permissions_permission_id_84c5c92e; Type: INDEX; Schema: public; Owner: postgres
--

CREATE INDEX auth_group_permissions_permission_id_84c5c92e ON public.auth_group_permissions USING btree (permission_id);


--
-- Name: auth_permission_content_type_id_2f476e4b; Type: INDEX; Schema: public; Owner: postgres
--

CREATE INDEX auth_permission_content_type_id_2f476e4b ON public.auth_permission USING btree (content_type_id);


--
-- Name: auth_user_groups_group_id_97559544; Type: INDEX; Schema: public; Owner: postgres
--

CREATE INDEX auth_user_groups_group_id_97559544 ON public.auth_user_groups USING btree (group_id);


--
-- Name: auth_user_groups_user_id_6a12ed8b; Type: INDEX; Schema: public; Owner: postgres
--

CREATE INDEX auth_user_groups_user_id_6a12ed8b ON public.auth_user_groups USING btree (user_id);


--
-- Name: auth_user_user_permissions_permission_id_1fbb5f2c; Type: INDEX; Schema: public; Owner: postgres
--

CREATE INDEX auth_user_user_permissions_permission_id_1fbb5f2c ON public.auth_user_user_permissions USING btree (permission_id);


--
-- Name: auth_user_user_permissions_user_id_a95ead1b; Type: INDEX; Schema: public; Owner: postgres
--

CREATE INDEX auth_user_user_permissions_user_id_a95ead1b ON public.auth_user_user_permissions USING btree (user_id);


--
-- Name: auth_user_username_6821ab7c_like; Type: INDEX; Schema: public; Owner: postgres
--

CREATE INDEX auth_user_username_6821ab7c_like ON public.auth_user USING btree (username varchar_pattern_ops);


--
-- Name: django_admin_log_content_type_id_c4bce8eb; Type: INDEX; Schema: public; Owner: postgres
--

CREATE INDEX django_admin_log_content_type_id_c4bce8eb ON public.django_admin_log USING btree (content_type_id);


--
-- Name: django_admin_log_user_id_c564eba6; Type: INDEX; Schema: public; Owner: postgres
--

CREATE INDEX django_admin_log_user_id_c564eba6 ON public.django_admin_log USING btree (user_id);


--
-- Name: django_session_expire_date_a5c62663; Type: INDEX; Schema: public; Owner: postgres
--

CREATE INDEX django_session_expire_date_a5c62663 ON public.django_session USING btree (expire_date);


--
-- Name: django_session_session_key_c0390e0f_like; Type: INDEX; Schema: public; Owner: postgres
--

CREATE INDEX django_session_session_key_c0390e0f_like ON public.django_session USING btree (session_key varchar_pattern_ops);


--
-- Name: auth_group_permissions auth_group_permissio_permission_id_84c5c92e_fk_auth_perm; Type: FK CONSTRAINT; Schema: public; Owner: postgres
--

ALTER TABLE ONLY public.auth_group_permissions
    ADD CONSTRAINT auth_group_permissio_permission_id_84c5c92e_fk_auth_perm FOREIGN KEY (permission_id) REFERENCES public.auth_permission(id) DEFERRABLE INITIALLY DEFERRED;


--
-- Name: auth_group_permissions auth_group_permissions_group_id_b120cbf9_fk_auth_group_id; Type: FK CONSTRAINT; Schema: public; Owner: postgres
--

ALTER TABLE ONLY public.auth_group_permissions
    ADD CONSTRAINT auth_group_permissions_group_id_b120cbf9_fk_auth_group_id FOREIGN KEY (group_id) REFERENCES public.auth_group(id) DEFERRABLE INITIALLY DEFERRED;


--
-- Name: auth_permission auth_permission_content_type_id_2f476e4b_fk_django_co; Type: FK CONSTRAINT; Schema: public; Owner: postgres
--

ALTER TABLE ONLY public.auth_permission
    ADD CONSTRAINT auth_permission_content_type_id_2f476e4b_fk_django_co FOREIGN KEY (content_type_id) REFERENCES public.django_content_type(id) DEFERRABLE INITIALLY DEFERRED;


--
-- Name: auth_user_groups auth_user_groups_group_id_97559544_fk_auth_group_id; Type: FK CONSTRAINT; Schema: public; Owner: postgres
--

ALTER TABLE ONLY public.auth_user_groups
    ADD CONSTRAINT auth_user_groups_group_id_97559544_fk_auth_group_id FOREIGN KEY (group_id) REFERENCES public.auth_group(id) DEFERRABLE INITIALLY DEFERRED;


--
-- Name: auth_user_groups auth_user_groups_user_id_6a12ed8b_fk_auth_user_id; Type: FK CONSTRAINT; Schema: public; Owner: postgres
--

ALTER TABLE ONLY public.auth_user_groups
    ADD CONSTRAINT auth_user_groups_user_id_6a12ed8b_fk_auth_user_id FOREIGN KEY (user_id) REFERENCES public.auth_user(id) DEFERRABLE INITIALLY DEFERRED;


--
-- Name: auth_user_user_permissions auth_user_user_permi_permission_id_1fbb5f2c_fk_auth_perm; Type: FK CONSTRAINT; Schema: public; Owner: postgres
--

ALTER TABLE ONLY public.auth_user_user_permissions
    ADD CONSTRAINT auth_user_user_permi_permission_id_1fbb5f2c_fk_auth_perm FOREIGN KEY (permission_id) REFERENCES public.auth_permission(id) DEFERRABLE INITIALLY DEFERRED;


--
-- Name: auth_user_user_permissions auth_user_user_permissions_user_id_a95ead1b_fk_auth_user_id; Type: FK CONSTRAINT; Schema: public; Owner: postgres
--

ALTER TABLE ONLY public.auth_user_user_permissions
    ADD CONSTRAINT auth_user_user_permissions_user_id_a95ead1b_fk_auth_user_id FOREIGN KEY (user_id) REFERENCES public.auth_user(id) DEFERRABLE INITIALLY DEFERRED;


--
-- Name: django_admin_log django_admin_log_content_type_id_c4bce8eb_fk_django_co; Type: FK CONSTRAINT; Schema: public; Owner: postgres
--

ALTER TABLE ONLY public.django_admin_log
    ADD CONSTRAINT django_admin_log_content_type_id_c4bce8eb_fk_django_co FOREIGN KEY (content_type_id) REFERENCES public.django_content_type(id) DEFERRABLE INITIALLY DEFERRED;


--
-- Name: django_admin_log django_admin_log_user_id_c564eba6_fk_auth_user_id; Type: FK CONSTRAINT; Schema: public; Owner: postgres
--

ALTER TABLE ONLY public.django_admin_log
    ADD CONSTRAINT django_admin_log_user_id_c564eba6_fk_auth_user_id FOREIGN KEY (user_id) REFERENCES public.auth_user(id) DEFERRABLE INITIALLY DEFERRED;


--
-- PostgreSQL database dump complete
--

